Column1,Column2,Column3
0.8273232938936163,0.6264994942697089,0.36477596137536183
0.7297054393507385,0.6539619489040283,0.677363805276291
0.2599986065830685,0.32088555323178203,0.5457018486778479
0.06671421854803294,0.5110405622613058,0.8154799335066646
0.409850868601234,0.11350388445703985,0.9505391369188105
