Column1,Column2,Column3
0.359848109684366,0.9054900589739419,0.987882300075489
0.8743493046051118,0.05656248720004664,0.15122961528320977
0.4545400722099936,0.6003642357187331,0.726751076261099
0.28616324737299537,0.17274726606756552,0.1251199544068614
0.7095194772995026,0.4807824386593582,0.01488803572414843
