Column1,Column2,Column3
0.07705979400742291,0.889452637385966,0.9795312410616168
0.4593183310924367,0.6028030599206833,0.8351977142916298
0.5648401808476212,0.1618435525470462,0.10953267392629984
0.12284914587777129,0.610592677008248,0.9987424642650929
0.5878163601050256,0.19161222040570158,0.8075409737556895
